BEGIN TRANSACTION;
DROP TABLE IF EXISTS "amino_acids";
CREATE TABLE "amino_acids" (
	"amino_acid_id"	INTEGER NOT NULL,
	"sequence"	VARCHAR(30) NOT NULL,
	PRIMARY KEY("amino_acid_id")
);
DROP TABLE IF EXISTS "dna_bases";
CREATE TABLE "dna_bases" (
	"base_id"	INTEGER NOT NULL,
	"base"	VARCHAR(1) NOT NULL,
	PRIMARY KEY("base_id")
);
DROP TABLE IF EXISTS "rna_bases";
CREATE TABLE "rna_bases" (
	"base_id"	INTEGER NOT NULL,
	"base"	VARCHAR(1) NOT NULL,
	"dna_base_id"	INTEGER,
	PRIMARY KEY("base_id"),
	FOREIGN KEY("dna_base_id") REFERENCES "dna_bases"("base_id")
);
DROP TABLE IF EXISTS "rna_codons";
CREATE TABLE "rna_codons" (
	"codon_id"	INTEGER NOT NULL,
	"sequence"	VARCHAR(3) NOT NULL,
	"amino_acid_id"	INTEGER,
	PRIMARY KEY("codon_id"),
	FOREIGN KEY("amino_acid_id") REFERENCES "amino_acids"("amino_acid_id")
);
INSERT INTO "amino_acids" VALUES (1,'F');
INSERT INTO "amino_acids" VALUES (2,'L');
INSERT INTO "amino_acids" VALUES (3,'I');
INSERT INTO "amino_acids" VALUES (4,'V');
INSERT INTO "amino_acids" VALUES (5,'F');
INSERT INTO "amino_acids" VALUES (6,'L');
INSERT INTO "amino_acids" VALUES (7,'I');
INSERT INTO "amino_acids" VALUES (8,'V');
INSERT INTO "amino_acids" VALUES (9,'L');
INSERT INTO "amino_acids" VALUES (10,'L');
INSERT INTO "amino_acids" VALUES (11,'I');
INSERT INTO "amino_acids" VALUES (12,'V');
INSERT INTO "amino_acids" VALUES (13,'L');
INSERT INTO "amino_acids" VALUES (14,'L');
INSERT INTO "amino_acids" VALUES (15,'M');
INSERT INTO "amino_acids" VALUES (16,'V');
INSERT INTO "amino_acids" VALUES (17,'S');
INSERT INTO "amino_acids" VALUES (18,'P');
INSERT INTO "amino_acids" VALUES (19,'T');
INSERT INTO "amino_acids" VALUES (20,'A');
INSERT INTO "amino_acids" VALUES (21,'S');
INSERT INTO "amino_acids" VALUES (22,'P');
INSERT INTO "amino_acids" VALUES (23,'T');
INSERT INTO "amino_acids" VALUES (24,'A');
INSERT INTO "amino_acids" VALUES (25,'S');
INSERT INTO "amino_acids" VALUES (26,'P');
INSERT INTO "amino_acids" VALUES (27,'T');
INSERT INTO "amino_acids" VALUES (28,'A');
INSERT INTO "amino_acids" VALUES (29,'S');
INSERT INTO "amino_acids" VALUES (30,'P');
INSERT INTO "amino_acids" VALUES (31,'T');
INSERT INTO "amino_acids" VALUES (32,'A');
INSERT INTO "amino_acids" VALUES (33,'Y');
INSERT INTO "amino_acids" VALUES (34,'H');
INSERT INTO "amino_acids" VALUES (35,'N');
INSERT INTO "amino_acids" VALUES (36,'D');
INSERT INTO "amino_acids" VALUES (37,'Y');
INSERT INTO "amino_acids" VALUES (38,'H');
INSERT INTO "amino_acids" VALUES (39,'N');
INSERT INTO "amino_acids" VALUES (40,'D');
INSERT INTO "amino_acids" VALUES (41,'Q');
INSERT INTO "amino_acids" VALUES (42,'K');
INSERT INTO "amino_acids" VALUES (43,'E');
INSERT INTO "amino_acids" VALUES (44,'G');
INSERT INTO "amino_acids" VALUES (45,'Q');
INSERT INTO "amino_acids" VALUES (46,'K');
INSERT INTO "amino_acids" VALUES (47,'E');
INSERT INTO "amino_acids" VALUES (48,'G');
INSERT INTO "amino_acids" VALUES (49,'C');
INSERT INTO "amino_acids" VALUES (50,'R');
INSERT INTO "amino_acids" VALUES (51,'S');
INSERT INTO "amino_acids" VALUES (52,'G');
INSERT INTO "amino_acids" VALUES (53,'C');
INSERT INTO "amino_acids" VALUES (54,'R');
INSERT INTO "amino_acids" VALUES (55,'S');
INSERT INTO "amino_acids" VALUES (56,'G');
INSERT INTO "amino_acids" VALUES (57,'R');
INSERT INTO "amino_acids" VALUES (58,'R');
INSERT INTO "amino_acids" VALUES (59,'R');
INSERT INTO "amino_acids" VALUES (60,'R');
INSERT INTO "amino_acids" VALUES (61,'W');
INSERT INTO "amino_acids" VALUES (62,'F');
INSERT INTO "amino_acids" VALUES (63,'L');
INSERT INTO "amino_acids" VALUES (64,'I');
INSERT INTO "amino_acids" VALUES (65,'V');
INSERT INTO "amino_acids" VALUES (66,'F');
INSERT INTO "amino_acids" VALUES (67,'L');
INSERT INTO "amino_acids" VALUES (68,'I');
INSERT INTO "amino_acids" VALUES (69,'V');
INSERT INTO "amino_acids" VALUES (70,'L');
INSERT INTO "amino_acids" VALUES (71,'L');
INSERT INTO "amino_acids" VALUES (72,'I');
INSERT INTO "amino_acids" VALUES (73,'V');
INSERT INTO "amino_acids" VALUES (74,'L');
INSERT INTO "amino_acids" VALUES (75,'L');
INSERT INTO "amino_acids" VALUES (76,'M');
INSERT INTO "amino_acids" VALUES (77,'V');
INSERT INTO "amino_acids" VALUES (78,'S');
INSERT INTO "amino_acids" VALUES (79,'P');
INSERT INTO "amino_acids" VALUES (80,'T');
INSERT INTO "amino_acids" VALUES (81,'A');
INSERT INTO "amino_acids" VALUES (82,'S');
INSERT INTO "amino_acids" VALUES (83,'P');
INSERT INTO "amino_acids" VALUES (84,'T');
INSERT INTO "amino_acids" VALUES (85,'A');
INSERT INTO "amino_acids" VALUES (86,'S');
INSERT INTO "amino_acids" VALUES (87,'P');
INSERT INTO "amino_acids" VALUES (88,'T');
INSERT INTO "amino_acids" VALUES (89,'A');
INSERT INTO "amino_acids" VALUES (90,'S');
INSERT INTO "amino_acids" VALUES (91,'P');
INSERT INTO "amino_acids" VALUES (92,'T');
INSERT INTO "amino_acids" VALUES (93,'A');
INSERT INTO "amino_acids" VALUES (94,'Y');
INSERT INTO "amino_acids" VALUES (95,'H');
INSERT INTO "amino_acids" VALUES (96,'N');
INSERT INTO "amino_acids" VALUES (97,'D');
INSERT INTO "amino_acids" VALUES (98,'Y');
INSERT INTO "amino_acids" VALUES (99,'H');
INSERT INTO "amino_acids" VALUES (100,'N');
INSERT INTO "amino_acids" VALUES (101,'D');
INSERT INTO "amino_acids" VALUES (102,'Q');
INSERT INTO "amino_acids" VALUES (103,'K');
INSERT INTO "amino_acids" VALUES (104,'E');
INSERT INTO "amino_acids" VALUES (105,'G');
INSERT INTO "amino_acids" VALUES (106,'Q');
INSERT INTO "amino_acids" VALUES (107,'K');
INSERT INTO "amino_acids" VALUES (108,'E');
INSERT INTO "amino_acids" VALUES (109,'G');
INSERT INTO "amino_acids" VALUES (110,'C');
INSERT INTO "amino_acids" VALUES (111,'R');
INSERT INTO "amino_acids" VALUES (112,'S');
INSERT INTO "amino_acids" VALUES (113,'G');
INSERT INTO "amino_acids" VALUES (114,'C');
INSERT INTO "amino_acids" VALUES (115,'R');
INSERT INTO "amino_acids" VALUES (116,'S');
INSERT INTO "amino_acids" VALUES (117,'G');
INSERT INTO "amino_acids" VALUES (118,'R');
INSERT INTO "amino_acids" VALUES (119,'R');
INSERT INTO "amino_acids" VALUES (120,'R');
INSERT INTO "amino_acids" VALUES (121,'R');
INSERT INTO "amino_acids" VALUES (122,'W');
INSERT INTO "dna_bases" VALUES (1,'A');
INSERT INTO "dna_bases" VALUES (2,'T');
INSERT INTO "dna_bases" VALUES (3,'C');
INSERT INTO "dna_bases" VALUES (4,'G');
INSERT INTO "rna_bases" VALUES (1,'A',1);
INSERT INTO "rna_bases" VALUES (2,'U',2);
INSERT INTO "rna_bases" VALUES (3,'C',3);
INSERT INTO "rna_bases" VALUES (4,'G',4);
INSERT INTO "rna_codons" VALUES (1,'UUU',1);
INSERT INTO "rna_codons" VALUES (2,'CUU',2);
INSERT INTO "rna_codons" VALUES (3,'AUU',3);
INSERT INTO "rna_codons" VALUES (4,'GUU',4);
INSERT INTO "rna_codons" VALUES (5,'UUC',5);
INSERT INTO "rna_codons" VALUES (6,'CUC',6);
INSERT INTO "rna_codons" VALUES (7,'AUC',7);
INSERT INTO "rna_codons" VALUES (8,'GUC',8);
INSERT INTO "rna_codons" VALUES (9,'UUA',9);
INSERT INTO "rna_codons" VALUES (10,'CUA',10);
INSERT INTO "rna_codons" VALUES (11,'AUA',11);
INSERT INTO "rna_codons" VALUES (12,'GUA',12);
INSERT INTO "rna_codons" VALUES (13,'UUG',13);
INSERT INTO "rna_codons" VALUES (14,'CUG',14);
INSERT INTO "rna_codons" VALUES (15,'AUG',15);
INSERT INTO "rna_codons" VALUES (16,'GUG',16);
INSERT INTO "rna_codons" VALUES (17,'UCU',17);
INSERT INTO "rna_codons" VALUES (18,'CCU',18);
INSERT INTO "rna_codons" VALUES (19,'ACU',19);
INSERT INTO "rna_codons" VALUES (20,'GCU',20);
INSERT INTO "rna_codons" VALUES (21,'UCC',21);
INSERT INTO "rna_codons" VALUES (22,'CCC',22);
INSERT INTO "rna_codons" VALUES (23,'ACC',23);
INSERT INTO "rna_codons" VALUES (24,'GCC',24);
INSERT INTO "rna_codons" VALUES (25,'UCA',25);
INSERT INTO "rna_codons" VALUES (26,'CCA',26);
INSERT INTO "rna_codons" VALUES (27,'ACA',27);
INSERT INTO "rna_codons" VALUES (28,'GCA',28);
INSERT INTO "rna_codons" VALUES (29,'UCG',29);
INSERT INTO "rna_codons" VALUES (30,'CCG',30);
INSERT INTO "rna_codons" VALUES (31,'ACG',31);
INSERT INTO "rna_codons" VALUES (32,'GCG',32);
INSERT INTO "rna_codons" VALUES (33,'UAU',33);
INSERT INTO "rna_codons" VALUES (34,'CAU',34);
INSERT INTO "rna_codons" VALUES (35,'AAU',35);
INSERT INTO "rna_codons" VALUES (36,'GAU',36);
INSERT INTO "rna_codons" VALUES (37,'UAC',37);
INSERT INTO "rna_codons" VALUES (38,'CAC',38);
INSERT INTO "rna_codons" VALUES (39,'AAC',39);
INSERT INTO "rna_codons" VALUES (40,'GAC',40);
INSERT INTO "rna_codons" VALUES (41,'CAA',41);
INSERT INTO "rna_codons" VALUES (42,'AAA',42);
INSERT INTO "rna_codons" VALUES (43,'GAA',43);
INSERT INTO "rna_codons" VALUES (44,'GGU',44);
INSERT INTO "rna_codons" VALUES (45,'CAG',45);
INSERT INTO "rna_codons" VALUES (46,'AAG',46);
INSERT INTO "rna_codons" VALUES (47,'GAG',47);
INSERT INTO "rna_codons" VALUES (48,'GGC',48);
INSERT INTO "rna_codons" VALUES (49,'UGU',49);
INSERT INTO "rna_codons" VALUES (50,'CGU',50);
INSERT INTO "rna_codons" VALUES (51,'AGU',51);
INSERT INTO "rna_codons" VALUES (52,'GGG',52);
INSERT INTO "rna_codons" VALUES (53,'UGC',53);
INSERT INTO "rna_codons" VALUES (54,'CGC',54);
INSERT INTO "rna_codons" VALUES (55,'AGC',55);
INSERT INTO "rna_codons" VALUES (56,'GGA',56);
INSERT INTO "rna_codons" VALUES (57,'CGA',57);
INSERT INTO "rna_codons" VALUES (58,'AGA',58);
INSERT INTO "rna_codons" VALUES (59,'AGG',59);
INSERT INTO "rna_codons" VALUES (60,'CGG',60);
INSERT INTO "rna_codons" VALUES (61,'UGG',61);
INSERT INTO "rna_codons" VALUES (62,'UUU',62);
INSERT INTO "rna_codons" VALUES (63,'CUU',63);
INSERT INTO "rna_codons" VALUES (64,'AUU',64);
INSERT INTO "rna_codons" VALUES (65,'GUU',65);
INSERT INTO "rna_codons" VALUES (66,'UUC',66);
INSERT INTO "rna_codons" VALUES (67,'CUC',67);
INSERT INTO "rna_codons" VALUES (68,'AUC',68);
INSERT INTO "rna_codons" VALUES (69,'GUC',69);
INSERT INTO "rna_codons" VALUES (70,'UUA',70);
INSERT INTO "rna_codons" VALUES (71,'CUA',71);
INSERT INTO "rna_codons" VALUES (72,'AUA',72);
INSERT INTO "rna_codons" VALUES (73,'GUA',73);
INSERT INTO "rna_codons" VALUES (74,'UUG',74);
INSERT INTO "rna_codons" VALUES (75,'CUG',75);
INSERT INTO "rna_codons" VALUES (76,'AUG',76);
INSERT INTO "rna_codons" VALUES (77,'GUG',77);
INSERT INTO "rna_codons" VALUES (78,'UCU',78);
INSERT INTO "rna_codons" VALUES (79,'CCU',79);
INSERT INTO "rna_codons" VALUES (80,'ACU',80);
INSERT INTO "rna_codons" VALUES (81,'GCU',81);
INSERT INTO "rna_codons" VALUES (82,'UCC',82);
INSERT INTO "rna_codons" VALUES (83,'CCC',83);
INSERT INTO "rna_codons" VALUES (84,'ACC',84);
INSERT INTO "rna_codons" VALUES (85,'GCC',85);
INSERT INTO "rna_codons" VALUES (86,'UCA',86);
INSERT INTO "rna_codons" VALUES (87,'CCA',87);
INSERT INTO "rna_codons" VALUES (88,'ACA',88);
INSERT INTO "rna_codons" VALUES (89,'GCA',89);
INSERT INTO "rna_codons" VALUES (90,'UCG',90);
INSERT INTO "rna_codons" VALUES (91,'CCG',91);
INSERT INTO "rna_codons" VALUES (92,'ACG',92);
INSERT INTO "rna_codons" VALUES (93,'GCG',93);
INSERT INTO "rna_codons" VALUES (94,'UAU',94);
INSERT INTO "rna_codons" VALUES (95,'CAU',95);
INSERT INTO "rna_codons" VALUES (96,'AAU',96);
INSERT INTO "rna_codons" VALUES (97,'GAU',97);
INSERT INTO "rna_codons" VALUES (98,'UAC',98);
INSERT INTO "rna_codons" VALUES (99,'CAC',99);
INSERT INTO "rna_codons" VALUES (100,'AAC',100);
INSERT INTO "rna_codons" VALUES (101,'GAC',101);
INSERT INTO "rna_codons" VALUES (102,'CAA',102);
INSERT INTO "rna_codons" VALUES (103,'AAA',103);
INSERT INTO "rna_codons" VALUES (104,'GAA',104);
INSERT INTO "rna_codons" VALUES (105,'GGU',105);
INSERT INTO "rna_codons" VALUES (106,'CAG',106);
INSERT INTO "rna_codons" VALUES (107,'AAG',107);
INSERT INTO "rna_codons" VALUES (108,'GAG',108);
INSERT INTO "rna_codons" VALUES (109,'GGC',109);
INSERT INTO "rna_codons" VALUES (110,'UGU',110);
INSERT INTO "rna_codons" VALUES (111,'CGU',111);
INSERT INTO "rna_codons" VALUES (112,'AGU',112);
INSERT INTO "rna_codons" VALUES (113,'GGG',113);
INSERT INTO "rna_codons" VALUES (114,'UGC',114);
INSERT INTO "rna_codons" VALUES (115,'CGC',115);
INSERT INTO "rna_codons" VALUES (116,'AGC',116);
INSERT INTO "rna_codons" VALUES (117,'GGA',117);
INSERT INTO "rna_codons" VALUES (118,'CGA',118);
INSERT INTO "rna_codons" VALUES (119,'AGA',119);
INSERT INTO "rna_codons" VALUES (120,'AGG',120);
INSERT INTO "rna_codons" VALUES (121,'CGG',121);
INSERT INTO "rna_codons" VALUES (122,'UGG',122);
COMMIT;
